,period_start,period_end,period_label,n_assets,method,frobenius_gap,rmse_gap,mean_corr_empirical,mean_corr_implied,DRC_sec,DRC_error,EL,EL_error,n_iter,converged,shrink_delta
0,2008-01-01,2009-01-01,2008-01-01,37,pca_iterative,1.3993806255234387,0.038342792948465126,0.5337124968333992,0.5336452167143723,0.13513513513513511,0.017048526835254867,0.0011443243243243243,6.361655399583155e-05,15.0,True,
1,2008-01-01,2009-01-01,2008-01-01,37,frobenius,1.3993806255269694,0.03834279294856186,0.5337124968333992,0.5336452067382093,0.13513513513513511,0.012889315232575633,0.0011248648648648648,6.295154978975727e-05,,,
2,2008-01-01,2009-01-01,2008-01-01,37,mle,1.4285287317255304,0.039141446138713926,0.5337124968333992,0.532873575155247,0.13513513513513511,0.012889313621411528,0.0011172972972972972,6.273347671911711e-05,,,
3,2009-01-01,2010-01-01,2009-01-01,37,pca_iterative,1.6305501954429815,0.04467680014689643,0.4080489188757135,0.4078905254497114,0.1081081081081081,0.014404929615726014,0.001143243243243243,5.256539129167863e-05,14.0,True,
4,2009-01-01,2010-01-01,2009-01-01,37,frobenius,1.6305501954571058,0.04467680014728343,0.4080489188757135,0.40789051727277553,0.1081081081081081,0.017048524399055843,0.0011591891891891892,5.235135857948302e-05,,,
5,2009-01-01,2010-01-01,2009-01-01,37,mle,1.66838568323461,0.045713486126421086,0.4080489188757135,0.4060492683256383,0.1081081081081081,0.011162473033487186,0.001163243243243243,5.226475255881781e-05,,,
6,2010-01-01,2011-01-01,2010-01-01,37,pca_iterative,1.3786619393037227,0.037775104442995325,0.48600461236082154,0.4859956126738868,0.13513513513513511,0.01288931523257563,0.0011389189189189187,6.0879606342721655e-05,19.0,True,
7,2010-01-01,2011-01-01,2010-01-01,37,frobenius,1.3786619393061583,0.03777510444306206,0.48600461236082154,0.4859956222331352,0.13513513513513511,0.01288931523257563,0.0011378378378378378,6.086194372785153e-05,,,
8,2010-01-01,2011-01-01,2010-01-01,37,mle,1.4135854965263654,0.038732004016412525,0.48600461236082154,0.48521662004022786,0.13513513513513511,0.014410695043601653,0.0011370270270270268,6.0781789500440114e-05,,,
9,2011-01-01,2012-01-01,2011-01-01,37,pca_iterative,1.2378451337651568,0.03391674773864272,0.586169189423846,0.5861110251713934,0.16216216216216214,0.021374516316266662,0.0011127027027027026,7.151711018367589e-05,17.0,True,
10,2011-01-01,2012-01-01,2011-01-01,37,frobenius,1.2378451337833063,0.03391674773914001,0.586169189423846,0.5861110295592108,0.16216216216216214,0.01822824555087554,0.001112972972972973,7.132640060853358e-05,,,
11,2011-01-01,2012-01-01,2011-01-01,37,mle,1.2634519123107792,0.0346183691488182,0.586169189423846,0.5854369411283813,0.16216216216216214,0.021370625803056844,0.0011148648648648648,7.136263010203165e-05,,,
12,2012-01-01,2013-01-01,2012-01-01,37,pca_iterative,1.665948554464186,0.045646709209456016,0.45865015633101874,0.45868903582892473,0.13513513513513511,0.018225969157424363,0.0011497297297297295,5.893247405450819e-05,11.0,True,
13,2012-01-01,2013-01-01,2012-01-01,37,frobenius,1.6659485544661106,0.04564670920950874,0.45865015633101874,0.45868903360952706,0.13513513513513511,0.017050964077988055,0.0011497297297297297,5.893723529936934e-05,,,
14,2012-01-01,2013-01-01,2012-01-01,37,mle,1.7173925548859879,0.04705626613816944,0.45865015633101874,0.45826524338847374,0.13513513513513511,0.017048525617155395,0.0011405405405405403,5.8288256712595126e-05,,,
15,2013-01-01,2014-01-01,2013-01-01,37,pca_iterative,1.7001324902962225,0.04658334328160569,0.3760281437606453,0.3758263274491755,0.1081081081081081,0.01440781117669341,0.001169189189189189,4.9212262686650944e-05,12.0,True,
16,2013-01-01,2014-01-01,2013-01-01,37,frobenius,1.70013249029743,0.04658334328163878,0.3760281437606453,0.37582632659413967,0.1081081081081081,0.01288287218853949,0.0011886486486486487,4.9456038581883364e-05,,,
17,2013-01-01,2014-01-01,2013-01-01,37,mle,1.7550377151621461,0.048087737175894145,0.3760281437606453,0.3746637525785996,0.1081081081081081,0.015775599744647893,0.0011932432432432431,4.938649080750981e-05,,,
18,2014-01-01,2015-01-01,2014-01-01,37,pca_iterative,1.5911169597681156,0.04359633614504286,0.4078476102624629,0.4076138079325518,0.1081081081081081,0.011162473033487186,0.0011681081081081077,5.2667071027226834e-05,16.0,True,
19,2014-01-01,2015-01-01,2014-01-01,37,frobenius,1.5911169598040535,0.043596336146027544,0.4078476102624629,0.40761381824786175,0.1081081081081081,0.015783494777083764,0.0011678378378378376,5.261666238866195e-05,,,
20,2014-01-01,2015-01-01,2014-01-01,37,mle,1.6326180177647434,0.044733458129500595,0.4078476102624629,0.4060702101651721,0.1081081081081081,0.012889316843739533,0.0011727027027027025,5.27722649976042e-05,,,
21,2015-01-01,2016-01-01,2015-01-01,37,pca_iterative,1.3045854401647363,0.03574542086939941,0.5641787925766412,0.5640976119422487,0.13513513513513511,0.020377757197702868,0.0011472972972972973,6.463625882879104e-05,20.0,True,
22,2015-01-01,2016-01-01,2015-01-01,37,frobenius,1.3045854402084298,0.035745420870596595,0.5641787925766412,0.5640975914258747,0.13513513513513511,0.020377757197702868,0.0011483783783783781,6.466156398434684e-05,,,
23,2015-01-01,2016-01-01,2015-01-01,37,mle,1.364121617103785,0.0373767020688681,0.5641787925766412,0.5623336333763904,0.13513513513513511,0.0193339704321173,0.0011394594594594592,6.395423705688468e-05,,,
24,2016-01-01,2017-01-01,2016-01-01,37,pca_iterative,1.569970311706105,0.04301692155732663,0.5070195763475815,0.5070356799943281,0.13513513513513511,0.01578612206909153,0.0011481081081081079,6.0009455358795024e-05,12.0,True,
25,2016-01-01,2017-01-01,2016-01-01,37,frobenius,1.5699703117692043,0.04301692155905554,0.5070195763475815,0.5070356988833907,0.13513513513513511,0.022319370645697584,0.0011516216216216214,6.087734032688698e-05,,,
26,2016-01-01,2017-01-01,2016-01-01,37,mle,1.6063944770388856,0.04401493753968531,0.5070195763475815,0.5066462319261513,0.13513513513513511,0.019331823168050002,0.0011481081081081079,6.0544805602735774e-05,,,
27,2017-01-01,2018-01-01,2017-01-01,37,pca_iterative,2.007049239772764,0.05499281041510495,0.28979063950041134,0.28968804613424215,0.08108108108108107,6.444656812017463e-06,0.001164054054054054,4.305909235081782e-05,19.0,True,
28,2017-01-01,2018-01-01,2017-01-01,37,frobenius,2.00704923977836,0.05499281041525827,0.28979063950041134,0.2896880452924013,0.08108108108108107,0.0,0.0011764864864864863,4.286974511330223e-05,,,
29,2017-01-01,2018-01-01,2017-01-01,37,mle,2.023639324253688,0.055447375929767305,0.28979063950041134,0.2894303075620001,0.08108108108108107,6.444656812017463e-06,0.0011770270270270269,4.313670878357682e-05,,,
30,2018-01-01,2019-01-01,2018-01-01,37,pca_iterative,2.2638730009520036,0.06202973812407493,0.3519132882095062,0.35164703341278697,0.08108108108108107,0.009114125623599627,0.0011735135135135138,4.55234792480603e-05,14.0,True,
31,2018-01-01,2019-01-01,2018-01-01,37,frobenius,2.26387300095672,0.062029738124204134,0.3519132882095062,0.35164705293937104,0.08108108108108107,0.009114123345070214,0.0011727027027027025,4.5453342726996793e-05,,,
32,2018-01-01,2019-01-01,2018-01-01,37,mle,2.34627671698045,0.06428758603495408,0.3519132882095062,0.3494038963302222,0.08108108108108107,0.00911412790212847,0.0011567567567567565,4.4888311166713227e-05,,,
33,2019-01-01,2020-01-01,2019-01-01,37,pca_iterative,1.8240400723028227,0.04997839011516246,0.34139316074008225,0.34119556291220104,0.08108108108108107,0.009118683820551582,0.001152972972972973,4.62710111313856e-05,13.0,True,
34,2019-01-01,2020-01-01,2019-01-01,37,frobenius,1.824040072306297,0.049978390115257655,0.34139316074008225,0.341195564349746,0.08108108108108107,0.011166196957485748,0.0011529729729729727,4.63437261093254e-05,,,
35,2019-01-01,2020-01-01,2019-01-01,37,mle,1.9094281778725524,0.052318009795760206,0.34139316074008225,0.34103981978932224,0.08108108108108107,0.011162474893899207,0.0011554054054054052,4.628990167528933e-05,,,
36,2020-01-01,2021-01-01,2020-01-01,37,pca_iterative,1.8483060908978763,0.05064327492898909,0.5501158459881236,0.5501153536305011,0.16216216216216214,0.01704608924404573,0.001142162162162162,6.746688477471242e-05,12.0,True,
37,2020-01-01,2021-01-01,2020-01-01,37,frobenius,1.8483060909083253,0.050643274929275395,0.5501158459881236,0.5501153263244464,0.16216216216216214,0.02495838693735264,0.0011364864864864862,6.764294068006437e-05,,,
38,2020-01-01,2021-01-01,2020-01-01,37,mle,1.9950788738503489,0.054664824409218334,0.5501158459881236,0.5496667051402935,0.16216216216216214,0.02733629100171145,0.0011205405405405402,6.642043851904027e-05,,,
39,2021-01-01,2022-01-01,2021-01-01,37,pca_iterative,2.50643260841334,0.06867583042871303,0.2777461094864188,0.27700603982057953,0.08108108108108107,0.014407811176693408,0.0011827027027027026,4.624824544591624e-05,12.0,True,
40,2021-01-01,2022-01-01,2021-01-01,37,frobenius,2.5064326084863486,0.06867583043071347,0.2777461094864188,0.27700606378990034,0.08108108108108107,0.014407811176693408,0.0011816216216216215,4.624930697343844e-05,,,
41,2021-01-01,2022-01-01,2021-01-01,37,mle,2.5755673130646315,0.07057010966743425,0.2777461094864188,0.27450925793980585,0.08108108108108107,0.012889313621411533,0.001178108108108108,4.615861985766285e-05,,,
42,2022-01-01,2023-01-01,2022-01-01,37,pca_iterative,1.8578896918044998,0.050905863976287026,0.4282888497606906,0.4272599222302159,0.13513513513513511,0.01578612075358152,0.0011624324324324324,5.721960264070318e-05,12.0,True,
43,2022-01-01,2023-01-01,2022-01-01,37,frobenius,1.8578896918117853,0.050905863976486644,0.4282888497606906,0.42725992392156453,0.13513513513513511,0.01578612075358152,0.0011627027027027027,5.7094203025243026e-05,,,
44,2022-01-01,2023-01-01,2022-01-01,37,mle,1.9921959016971076,0.0545858314588146,0.4282888497606906,0.42096259193900126,0.13513513513513511,0.020375718912610138,0.0011654054054054052,5.69641548447869e-05,,,
45,2023-01-01,2024-01-01,2023-01-01,37,pca_iterative,2.4069812389046112,0.06595087968981872,0.3051346161734334,0.3038958586487511,0.08108108108108107,0.012889313621411533,0.001173243243243243,4.5980663495135356e-05,15.0,True,
46,2023-01-01,2024-01-01,2023-01-01,37,frobenius,2.40698123897178,0.06595087969165915,0.3051346161734334,0.30389581300124935,0.08108108108108107,0.009114121066540233,0.0011670270270270268,4.554836976596465e-05,,,
47,2023-01-01,2024-01-01,2023-01-01,37,mle,2.4296016645445917,0.06657067553442354,0.3051346161734334,0.3017060168495679,0.08108108108108107,0.009114121066540233,0.0011678378378378376,4.588209913734999e-05,,,
48,2024-01-01,2025-01-01,2024-01-01,37,pca_iterative,2.393025514300291,0.06556849519114161,0.2398715460833619,0.23951631683281815,0.08108108108108107,0.014402046036282062,0.0011727027027027025,4.076686952092737e-05,14.0,True,
49,2024-01-01,2025-01-01,2024-01-01,37,frobenius,2.393025514304947,0.06556849519126917,0.2398715460833619,0.23951631599937748,0.08108108108108107,0.014402046036282062,0.0011721621621621618,4.076058309529526e-05,,,
50,2024-01-01,2025-01-01,2024-01-01,37,mle,2.4831896491799372,0.06803897726872118,0.2398715460833619,0.23814224747036564,0.08108108108108107,0.014407809735336247,0.001172432432432432,4.051515715732016e-05,,,
51,2025-01-01,2026-01-01,2025-01-01,37,pca_iterative,2.8138488270607565,0.07709898293319264,0.26689462762819993,0.26532054286533713,0.08108108108108107,0.011158753449830208,0.0011651351351351352,4.193546937098403e-05,16.0,True,
52,2025-01-01,2026-01-01,2025-01-01,37,frobenius,2.8138488270628157,0.07709898293324904,0.26689462762819993,0.2653205371834246,0.08108108108108107,0.00911412106654023,0.0011654054054054052,4.189836224640193e-05,,,
53,2025-01-01,2026-01-01,2025-01-01,37,mle,2.8522438908681904,0.07815100120110376,0.26689462762819993,0.26069346449519026,0.08108108108108107,0.00910956514584101,0.001173243243243243,4.237944434235989e-05,,,
